Workbook
Name Slicer_Category: #N/A
Name Slicer_Category1: #N/A
Name Slicer_Parking?: #N/A
Name TopORBottom: 'Top & Bottom Products'!$J$2

Sheet Pivot
I4: =A6&"-"&B6 -> 2018-May
A5: Date (Year) | B5: Date (Month) | C5: Sum of Total_amt | D5: Sum of Quantity | E5: Count of Date | F5: Distinct Count of Cust ID | I5: =A11&"-"&B18 -> 2017-May
A6: 2018 | B6: May | C6: 169258.2 | D6: 36613 | E6: 4418 | F6: 797
B7: Apr | C7: 149914.3 | D7: 34153 | E7: 4366 | F7: 795
B8: Mar | C8: 178282.5 | D8: 38690 | E8: 4759 | F8: 798
B9: Feb | C9: 172942.9 | D9: 37657 | E9: 4289 | F9: 799
B10: Jan | C10: 172995.3 | D10: 37869 | E10: 4598 | F10: 796 | L10: Amount | M10: Quantity | N10: Orders | O10: Customers
A11: 2017 | B11: Dec | C11: 169002.6 | D11: 37207 | E11: 4608 | F11: 797 | K11: Now | L11: =C6 -> 169258.2 | M11: =D6 -> 36613 | N11: =E6 -> 4418 | O11: =F6 -> 797
B12: Nov | C12: 162803.45 | D12: 36191 | E12: 4428 | F12: 795 | K12: Per | L12: =C18 -> 180184.35 | M12: =D18 -> 39911 | N12: =E18 -> 4646 | O12: =F18 -> 796
B13: Oct | C13: 173666.55 | D13: 36982 | E13: 4568 | F13: 796 | K13: Var | L13: =L11/L12-1 -> -0.060638729 | M13: =M11/M12-1 -> -0.08263386 | N13: =N11/N12-1 -> -0.049074473 | O13: =O11/O12-1 -> 0.0012562814
B14: Sep | C14: 168561.8 | D14: 37727 | E14: 4492 | F14: 796 | K14: Trend
B15: Aug | C15: 163242.25 | D15: 36042 | E15: 4509 | F15: 797
B16: Jul | C16: 171553.75 | D16: 38589 | E16: 4702 | F16: 799
B17: Jun | C17: 153165.05 | D17: 35265 | E17: 4272 | F17: 795
B18: May | C18: 180184.35 | D18: 39911 | E18: 4646 | F18: 796
B19: Apr | C19: 164760.85 | D19: 36741 | E19: 4450 | F19: 796
B20: Mar | C20: 169923.45 | D20: 38146 | E20: 4575 | F20: 790
B21: Feb | C21: 151184.65 | D21: 34234 | E21: 4144 | F21: 793
B22: Jan | C22: 164881.6 | D22: 36926 | E22: 4571 | F22: 797

Sheet City{_based_Performance
A5: Total_amt | B5: Year_filter
B6: 2018 | G6: 2017
A7: City | B7: May | C7: Apr | D7: Mar | E7: Feb | F7: Jan | G7: Dec | H7: Nov | I7: Oct | J7: Sep | K7: Aug | L7: Jul | M7: Jun | N7: May | O7: Apr | P7: Mar | Q7: Feb | R7: Jan
A8: Ballarat | B8: 13829.4 | C8: 10565.2 | D8: 12214.4 | E8: 10794.95 | F8: 10102 | G8: 9293.45 | H8: 9950.1 | I8: 11320.3 | J8: 10535 | K8: 9762.65 | L8: 10989 | M8: 9676.75 | N8: 14012.65 | O8: 11257.6 | P8: 12556.4 | Q8: 10027.95 | R8: 12073.9
A9: Bendigo | B9: 13249.5 | C9: 10063.7 | D9: 10518.5 | E9: 10919.25 | F9: 12027.85 | G9: 12202.3 | H9: 9639.35 | I9: 9532 | J9: 12118.65 | K9: 10051.65 | L9: 12931.55 | M9: 8518.95 | N9: 10791.8 | O9: 11348.95 | P9: 11348.45 | Q9: 10478.25 | R9: 8630.8
A10: Cairns | B10: 11284.45 | C10: 11051.65 | D10: 11087.65 | E10: 11031.85 | F10: 12625.55 | G10: 11243.95 | H10: 11271.6 | I10: 12451.45 | J10: 10461.8 | K10: 12315.35 | L10: 12362.05 | M10: 10359.2 | N10: 13225.5 | O10: 13080.75 | P10: 9801.05 | Q10: 9795.7 | R10: 10434.25
A11: Canberra | B11: 10162.35 | C11: 10697.8 | D11: 12454.85 | E11: 11477.9 | F11: 10761.1 | G11: 11600.85 | H11: 10233.15 | I11: 11494.1 | J11: 10912.9 | K11: 10910.1 | L11: 11486.1 | M11: 9885.25 | N11: 10920.25 | O11: 9182.4 | P11: 11953.8 | Q11: 8949.25 | R11: 11040.35
A12: Central Coast | B12: 10530.2 | C12: 10436.2 | D12: 12680.95 | E12: 11604.15 | F12: 14620.55 | G12: 11907.25 | H12: 13710.8 | I12: 10477.95 | J12: 10454.05 | K12: 12213.95 | L12: 12555.85 | M12: 10453.45 | N12: 12412.95 | O12: 12209.6 | P12: 9867.75 | Q12: 12057.7 | R12: 10630.75
A13: Darwin | B13: 10279.9 | C13: 10428.15 | D13: 12462.6 | E13: 11422.8 | F13: 11077.95 | G13: 8496.8 | H13: 9892.05 | I13: 12640.55 | J13: 11564.55 | K13: 12175.75 | L13: 12325.65 | M13: 11060.85 | N13: 12703.9 | O13: 10174.95 | P13: 12181.15 | Q13: 11916.8 | R13: 10006.85
A14: Geelong | B14: 13314 | C14: 10641.75 | D14: 9929.85 | E14: 10265.65 | F14: 14897.15 | G14: 11461.75 | H14: 9677.6 | I14: 13684.9 | J14: 14015.05 | K14: 10976.75 | L14: 9305.95 | M14: 10287.4 | N14: 9522.4 | O14: 12999.5 | P14: 10524.05 | Q14: 10567.35 | R14: 9833.75
A15: Gold Coast | B15: 11135.3 | C15: 9958.7 | D15: 11279.3 | E15: 11210.7 | F15: 9906.1 | G15: 10068.2 | H15: 11102.65 | I15: 12240.95 | J15: 11235.65 | K15: 9824 | L15: 11180.05 | M15: 11648.75 | N15: 9190.8 | O15: 11324.4 | P15: 12093.25 | Q15: 9530.6 | R15: 11455
A16: Hobart | B16: 10325.45 | C16: 10033.05 | D16: 12436.45 | E16: 11796.25 | F16: 12055.3 | G16: 12460.05 | H16: 9088.1 | I16: 10593.6 | J16: 12465.95 | K16: 10825.9 | L16: 10594.25 | M16: 9290 | N16: 12789.9 | O16: 9326.9 | P16: 11475.5 | Q16: 11687.8 | R16: 9759.9
A17: Mackay | B17: 11588.95 | C17: 9690.35 | D17: 11808.4 | E17: 11082.75 | F17: 10087.15 | G17: 12751.25 | H17: 10786.25 | I17: 13219.3 | J17: 9581.2 | K17: 8899.3 | L17: 11904 | M17: 9287.25 | N17: 12547.85 | O17: 9750.55 | P17: 12042.3 | Q17: 7776.4 | R17: 13414.35
A18: Newcastle | B18: 10860.8 | C18: 11378.2 | D18: 13924.85 | E18: 10162.3 | F18: 9548.7 | G18: 12372.25 | H18: 10392.8 | I18: 9358.65 | J18: 10952.85 | K18: 11881 | L18: 10687.8 | M18: 9846.95 | N18: 12080.35 | O18: 11288.5 | P18: 11606.25 | Q18: 10737.25 | R18: 11708.05
A19: Rockhampton | B19: 10687 | C19: 8598 | D19: 11856.25 | E19: 13484.85 | F19: 11635.85 | G19: 11596.95 | H19: 13364.55 | I19: 11157.45 | J19: 10547.3 | K19: 11482.1 | L19: 12883.8 | M19: 11007.65 | N19: 14716.4 | O19: 9389.95 | P19: 10994.5 | Q19: 9371 | R19: 11861.15
... A22: Wollongong | B22: 10736.85 | C22: 9433.2 | D22: 13172.45 | E22: 12125.5 | F22: 11665 | G22: 10105 | H22: 11680.9 | I22: 10422.6 | J22: 11254.65 | K22: 8827.15 | L22: 12080.2 | M22: 12523.7 | N22: 12314.8 | O22: 13061.1 | P22: 9786.9 | Q22: 7320.05 | R22: 10010.4
B27: Stores | C27: Now | D27: Pre | E27: Var | F27: Trend
B28: =A8 -> Ballarat | C28: =B8 -> 13829.4 | D28: =N8 -> 14012.65 | E28: =C28/D28-1 -> -0.013077469
B29: =A9 -> Bendigo | C29: =B9 -> 13249.5 | D29: =N9 -> 10791.8 | E29: =C29/D29-1 -> 0.22773773
B30: =A10 -> Cairns | C30: =B10 -> 11284.45 | D30: =N10 -> 13225.5 | E30: =C30/D30-1 -> -0.14676572
B31: =A11 -> Canberra | C31: =B11 -> 10162.35 | D31: =N11 -> 10920.25 | E31: =C31/D31-1 -> -0.069403173
B32: =A12 -> Central Coast | C32: =B12 -> 10530.2 | D32: =N12 -> 12412.95 | E32: =C32/D32-1 -> -0.15167627
B33: =A13 -> Darwin | C33: =B13 -> 10279.9 | D33: =N13 -> 12703.9 | E33: =C33/D33-1 -> -0.19080755
B34: =A14 -> Geelong | C34: =B14 -> 13314 | D34: =N14 -> 9522.4 | E34: =C34/D34-1 -> 0.39817693
B35: =A15 -> Gold Coast | C35: =B15 -> 11135.3 | D35: =N15 -> 9190.8 | E35: =C35/D35-1 -> 0.21157027
B36: =A16 -> Hobart | C36: =B16 -> 10325.45 | D36: =N16 -> 12789.9 | E36: =C36/D36-1 -> -0.1926872
B37: =A17 -> Mackay | C37: =B17 -> 11588.95 | D37: =N17 -> 12547.85 | E37: =C37/D37-1 -> -0.076419466
B38: =A18 -> Newcastle | C38: =B18 -> 10860.8 | D38: =N18 -> 12080.35 | E38: =C38/D38-1 -> -0.1009532
B39: =A19 -> Rockhampton | C39: =B19 -> 10687 | D39: =N19 -> 14716.4 | E39: =C39/D39-1 -> -0.27380338
... B42: =A22 -> Wollongong | C42: =B22 -> 10736.85 | D42: =N22 -> 12314.8 | E42: =C42/D42-1 -> -0.12813444

Sheet Top & Bottom Products
A1: Top 5 Product | E1: Bottom 5 Product | J1: 1
I2: Showing | J2: =IF(J1=1, "Top", "Bottom") -> Top | M2: QTY
A3: Products | B3: QTY | E3: Products | F3: QTY | I3: Name | J3: Qty | M3: 628943
A4: Lotta' Pie | B4: 26144 | E4: Fried Frozen Bananas | F4: 16520 | I4: =IF(TopORBottom="Top",A4,E4) -> Lotta' Pie | J4: =IF(TopORBottom="Top",B4,F4) -> 26144
A5: Cake in a cup | B5: 26097 | E5: Dried Grapes | F5: 16451 | I5: =IF(TopORBottom="Top",A5,E5) -> Cake in a cup | J5: =IF(TopORBottom="Top",B5,F5) -> 26097
A6: I can't believe this is cake | B6: 25932 | E6: Tea time cookies | F6: 16447 | I6: =IF(TopORBottom="Top",A6,E6) -> I can't believe this is cake | J6: =IF(TopORBottom="Top",B6,F6) -> 25932
A7: Grapo | B7: 25864 | E7: Sprite | F7: 16170 | I7: =IF(TopORBottom="Top",A7,E7) -> Grapo | J7: =IF(TopORBottom="Top",B7,F7) -> 25864
A8: Wall nuts | B8: 25704 | E8: Coke | F8: 16054 | I8: =IF(TopORBottom="Top",A8,E8) -> Wall nuts | J8: =IF(TopORBottom="Top",B8,F8) -> 25704
A9: Grand Total | B9: 129741 | E9: Grand Total | F9: 81642
I10: Total | J10: =SUM(J4:J8) -> 129741
I11: Total % | J11: =J10/M3 -> 0.20628419
A14: Title | B14: =TopORBottom&" 5 Products" -> Top 5 Products
A15: Subtitle | B15: ="Make up" &TEXT(J11," 0% ")& "of Sales" -> Make up 21% of Sales

Sheet Customer_demographics
A4: Total_amt | B4: Gender
A5: Age | B5: Female | C5: Male
A6: 20 | C6: 10693.75 | F6: =A5 -> Age | G6: =B5 -> Female | H6: =C5 -> Male
A7: 21 | B7: 7850.4 | C7: 6559.5 | F7: =A6 -> 20 | G7: =B6 -> 0 | H7: =-C6 -> -10693.75
A8: 23 | B8: 6936 | C8: 4066.6 | F8: =A7 -> 21 | G8: =B7 -> 7850.4 | H8: =-C7 -> -6559.5
A9: 24 | C9: 8725 | F9: =A8 -> 23 | G9: =B8 -> 6936 | H9: =-C8 -> -4066.6
A10: 25 | B10: 9032.35 | C10: 12977.35 | F10: =A9 -> 24 | G10: =B9 -> 0 | H10: =-C9 -> -8725
A11: 26 | B11: 10392.65 | C11: 9309.9 | F11: =A10 -> 25 | G11: =B10 -> 9032.35 | H11: =-C10 -> -12977.35
A12: 27 | B12: 14182.8 | C12: 12520.5 | F12: =A11 -> 26 | G12: =B11 -> 10392.65 | H12: =-C11 -> -9309.9
A13: 28 | B13: 20752.35 | C13: 37249.25 | F13: =A12 -> 27 | G13: =B12 -> 14182.8 | H13: =-C12 -> -12520.5
A14: 29 | B14: 13105.9 | C14: 38287.7 | F14: =A13 -> 28 | G14: =B13 -> 20752.35 | H14: =-C13 -> -37249.25
A15: 30 | B15: 48124 | C15: 29725.25 | F15: =A14 -> 29 | G15: =B14 -> 13105.9 | H15: =-C14 -> -38287.7
A16: 31 | B16: 56096.6 | C16: 23762.65 | F16: =A15 -> 30 | G16: =B15 -> 48124 | H16: =-C15 -> -29725.25
A17: 32 | B17: 48592.9 | C17: 49336.35 | F17: =A16 -> 31 | G17: =B16 -> 56096.6 | H17: =-C16 -> -23762.65
A18: 33 | B18: 83108.4 | C18: 63242.15 | F18: =A17 -> 32 | G18: =B17 -> 48592.9 | H18: =-C17 -> -49336.35
A19: 34 | B19: 69240.05 | C19: 98544.3 | F19: =A18 -> 33 | G19: =B18 -> 83108.4 | H19: =-C18 -> -63242.15
A20: 35 | B20: 80397.2 | C20: 69923.9 | F20: =A19 -> 34 | G20: =B19 -> 69240.05 | H20: =-C19 -> -98544.3
A21: 36 | B21: 71711.2 | C21: 94633.55 | F21: =A20 -> 35 | G21: =B20 -> 80397.2 | H21: =-C20 -> -69923.9
... A35: 50 | B35: 6653.75 | C35: 15336.55 | F35: =A34 -> 49 | G35: =B34 -> 17530.3 | H35: =-C34 -> -5076.95
A36: 51 | C36: 7537.1 | F36: =A35 -> 50 | G36: =B35 -> 6653.75 | H36: =-C35 -> -15336.55
A37: 52 | B37: 18736.4 | C37: 15161.55 | F37: =A36 -> 51 | G37: =B36 -> 0 | H37: =-C36 -> -7537.1
A38: 54 | C38: 4097.9 | F38: =A37 -> 52 | G38: =B37 -> 18736.4 | H38: =-C37 -> -15161.55
A39: 55 | C39: 3127.75 | F39: =A38 -> 54 | G39: =B38 -> 0 | H39: =-C38 -> -4097.9
A40: 57 | B40: 3303.5 | F40: =A39 -> 55 | G40: =B39 -> 0 | H40: =-C39 -> -3127.75
A41: 58 | C41: 5851.35 | F41: =A40 -> 57 | G41: =B40 -> 3303.5 | H41: =-C40 -> 0
F42: =A41 -> 58 | G42: =B41 -> 0 | H42: =-C41 -> -5851.35
A49: Femle | B49: =SUM(B6:B41) -> 1407397.9
A50: Male | B50: =SUM(C6:C41) -> 1428925.7

Sheet Dashborad
A1: Business Dashboard | Q1: =Pivot!I4 -> 2018-May | V1: FILTERS
C7: =Pivot!L10 -> Amount | G7: =Pivot!M10 -> Quantity | K7: =Pivot!N10 -> Orders | O7: =Pivot!O10 -> Customers
A8: =Q1 -> 2018-May | C8: =Pivot!L11 -> 169258.2 | D8: =Pivot!L13 -> -0.060638729 | G8: =Pivot!M11 -> 36613 | H8: =Pivot!M13 -> -0.08263386 | K8: =Pivot!N11 -> 4418 | L8: =Pivot!N13 -> -0.049074473 | O8: =Pivot!O11 -> 797 | P8: =Pivot!O13 -> 0.0012562814
A9: =Pivot!I5 -> 2017-May | C9: =Pivot!L12 -> 180184.35 | G9: =Pivot!M12 -> 39911 | K9: =Pivot!N12 -> 4646 | O9: =Pivot!O12 -> 796
A10: Trend
C13: Stores Performance | I13: Product Performance | O13: Customer Demographic
C14: ='City{_based_Performance'!B27 -> Stores | D14: ='City{_based_Performance'!C27 -> Now | F14: ='City{_based_Performance'!E27 -> Var | G14: Trend | I14: Top 5 Products
C15: ='City{_based_Performance'!B28 -> Ballarat | D15: ='City{_based_Performance'!C28 -> 13829.4 | F15: ='City{_based_Performance'!E28 -> -0.013077469 | I15: Make up 21% of Sales
C16: ='City{_based_Performance'!B29 -> Bendigo | D16: ='City{_based_Performance'!C29 -> 13249.5 | F16: ='City{_based_Performance'!E29 -> 0.22773773
C17: ='City{_based_Performance'!B30 -> Cairns | D17: ='City{_based_Performance'!C30 -> 11284.45 | F17: ='City{_based_Performance'!E30 -> -0.14676572
C18: ='City{_based_Performance'!B31 -> Canberra | D18: ='City{_based_Performance'!C31 -> 10162.35 | F18: ='City{_based_Performance'!E31 -> -0.069403173
C19: ='City{_based_Performance'!B32 -> Central Coast | D19: ='City{_based_Performance'!C32 -> 10530.2 | F19: ='City{_based_Performance'!E32 -> -0.15167627
C20: ='City{_based_Performance'!B33 -> Darwin | D20: ='City{_based_Performance'!C33 -> 10279.9 | F20: ='City{_based_Performance'!E33 -> -0.19080755
C21: ='City{_based_Performance'!B34 -> Geelong | D21: ='City{_based_Performance'!C34 -> 13314 | F21: ='City{_based_Performance'!E34 -> 0.39817693
C22: ='City{_based_Performance'!B35 -> Gold Coast | D22: ='City{_based_Performance'!C35 -> 11135.3 | F22: ='City{_based_Performance'!E35 -> 0.21157027
C23: ='City{_based_Performance'!B36 -> Hobart | D23: ='City{_based_Performance'!C36 -> 10325.45 | F23: ='City{_based_Performance'!E36 -> -0.1926872
C24: ='City{_based_Performance'!B37 -> Mackay | D24: ='City{_based_Performance'!C37 -> 11588.95 | F24: ='City{_based_Performance'!E37 -> -0.076419466
C25: ='City{_based_Performance'!B38 -> Newcastle | D25: ='City{_based_Performance'!C38 -> 10860.8 | F25: ='City{_based_Performance'!E38 -> -0.1009532
C26: ='City{_based_Performance'!B39 -> Rockhampton | D26: ='City{_based_Performance'!C39 -> 10687 | F26: ='City{_based_Performance'!E39 -> -0.27380338
C27: ='City{_based_Performance'!B40 -> Sunshine Coast | D27: ='City{_based_Performance'!C40 -> 10040.4 | F27: ='City{_based_Performance'!E40 -> -0.13839236
... C29: ='City{_based_Performance'!B42 -> Wollongong | D29: ='City{_based_Performance'!C42 -> 10736.85 | F29: ='City{_based_Performance'!E42 -> -0.12813444
